File Name,Total Posts,Positive,Negative,Neutral
RS_2024-06.csv,103,32,18,53
RS_2024-12.csv,196,37,37,122
RS_2024-07.csv,81,18,11,52
RS_2024-11.csv,158,19,38,101
RS_2024-05.csv,108,34,17,57
RS_2024-04.csv,116,19,20,77
RS_2024-10.csv,124,27,29,68
RS_2023-09.csv,97,19,18,60
RS_2024-01.csv,100,24,21,55
RS_2023-08.csv,108,28,9,71
RS_2024-03.csv,80,17,19,44
RS_2024-02.csv,81,18,17,46
RS_2022-11.csv,2,1,0,1
RS_2022-12.csv,58,14,6,38
RS_2025-08.csv,322,68,48,206
RS_2025-09.csv,252,50,43,159
RS_2025-10.csv,290,55,57,178
RS_2025-04.csv,250,48,41,161
RS_2025-05.csv,332,79,74,179
RS_2025-07.csv,260,57,44,159
RS_2025-06.csv,287,53,40,194
RS_2025-02.csv,188,32,32,124
RS_2025-03.csv,213,41,50,122
RS_2025-01.csv,166,32,31,103
RS_2023-12.csv,108,28,16,64
RS_2023-06.csv,104,24,12,68
RS_2023-07.csv,115,21,17,77
RS_2023-05.csv,143,29,32,82
RS_2023-11.csv,94,16,14,64
RS_2023-10.csv,91,13,12,66
RS_2023-04.csv,107,20,22,65
RS_2024-09.csv,134,48,14,72
RS_2023-01.csv,75,6,10,59
RS_2024-08.csv,97,24,16,57
RS_2023-03.csv,96,18,12,66
RS_2023-02.csv,75,11,14,50
,"5,211","1,080",911,"3,220"